GeneLabel,ReplacementLabel
0rf119,orf119
0rf122,orf122
a1i1orf_=_ymf44,ymf44
a1i3orf_=_ymf43,ymf43
ai1,ai1
ai2,ai2
ai3,ai3
ai4,ai4
ai5,ai5
ai5_alpha,ai5
ai5_beta,ai5
ai7,ai7
amomp10,amomp10
amomp1,amomp1
amomp11,amomp11
amomp12,amomp12
amomp13,amomp13
amomp14,amomp14
amomp15,amomp15
amomp16,amomp16
amomp17,amomp17
amomp18,amomp18
amomp19,amomp19
amomp20,amomp20
amomp2,amomp2
amomp21,amomp21
amomp22,amomp22
amomp23,amomp23
amomp24,amomp24
amomp25,amomp25
amomp26,amomp26
amomp27,amomp27
amomp28,amomp28
amomp3,amomp3
amomp4,amomp4
amomp5,amomp5
amomp6,amomp6
amomp7,amomp7
amomp8,amomp8
amomp9,amomp9
anon,anon
atp1-1,atp1
atp1-2,atp1
atp1-3,atp1
atp1,atp1
atp1_a,atp1
atp1-a,atp1
atp1-a1,atp1
atp1-a2,atp1
atp1_b,atp1
atp1-b,atp1
atp3,atp3
atp4_1,atp4
atp4_2,atp4
atp4,atp4
atp5a1,atp5
atp6',atp6
atp6_1,atp6
atp6-1,atp6
atp6_2,atp6
atp6-2,atp6
atp6,atp6
atp6-i1,atp6
atp8-1,atp8
atp8_1,atp8
atp8-2,atp8
atp8_2,atp8
atp8,atp8
atp9-1,atp9
atp9-2,atp9
atp9,atp9
atp9a,atp9
atp9b,atp9
atpa,atp1
atpb,atpb
atpe,atpe
bi2,bi2
bi3,bi3
bi4,bi4
ccb206,ccb206
ccb438,ccb438
ccb577,ccb577
ccbb,ccbb
ccbc,ccbc
ccbfn,ccbfn
ccma,ccma
ccmb-1,ccmb
ccmb,ccmb
ccmc-1,ccmc
ccmc,ccmc
ccmf,ccmf
ccmf_c,ccmf
ccmfc1,ccmf
ccmfc-1,ccmf
ccmfc,ccmf
ccmfc2,ccmf
ccmf_n,ccmf
ccmfn-1,ccmf
ccmfn1,ccmf
ccmfn,ccmf
ccmfn2,ccmf
co1,cox1
co2,cox2
co3,cox3
cob-1,cytb
cob.1,cytb
cob1,cytb
cob2,cytb
cob,cytb
coba,cytb
cob-ai1,cytb
cob-ai2,cytb
cobb,cytb
cob_e1,cytb
cob_e2,cytb
cobi1,cytb
cob-i1,cytb
cobi2,cytb
cob-i2,cytb
cob-i3,cytb
cob-i4,cytb
cof,cof
coi,cox1
coii,cox2
coiii,cox3
copb,copb
cox11,cox11
cox1_1,cox1
cox1.2,cox1
cox1_2,cox1
cox1&2,cox1
cox1-2,cox1
cox1.3,cox1
cox15,cox15
cox1,cox1
cox1a,cox1
cox1-ai1,cox1
cox1-ai2,cox1
cox1-ai3,cox1
cox1-ai4,cox1
cox1-ai5,cox1
cox1-ai6,cox1
cox1b,cox1
cox1-cox2,cox1
cox1i10,cox1
cox1i11,cox1
cox1-i1,cox1
cox1i1,cox1
cox1-i1a,cox1
cox1-i2,cox1
cox1i2,cox1
cox1-i3,cox1
cox1i3,cox1
cox1-i4,cox1
cox1i4,cox1
cox1i5,cox1
cox1-i5,cox1
cox1i6,cox1
cox1-i6,cox1
cox1i7,cox1
cox1-i7,cox1
cox1-i8,cox1
cox1i8_1,cox1
cox1i8_2,cox1
cox1i8,cox1
cox1i8_3,cox1
cox1i9,cox1
cox2-1,cox2
cox2-2,cox2
cox2,cox2
cox2a,cox2
cox2b,cox2
cox2i1,cox2
cox2i2,cox2
cox2i3,cox2
cox3,cox3
cox3a,cox3
cox3-ai1,cox3
cox3b,cox3
cox3-i1,cox3
cox3-i2,cox3
cox3-i3,cox3
cox-i1b,cox1
cox-i2,cox2
coxi,cox1
coxii,cox2
coxiii,cox3
ctyb,cytb
cw-orf307,orf307
cyb,cytb
cyt8,cytb
cytb,cytb
cytb-ai1,cytb
cytb-ai2,cytb
dam,dam
dnab,dnab
dnapol,dpo
dpo,dpo
dpo_b2,dpo
dpob,dpo
dpoba,dpo
dpobb,dpo
dpol1,dpo
dpol2,dpo
dpol3,dpo
dpol4,dpo
dpol5,dpo
dpol,dpo
en2,en2
forf,forf
f-orf,forf
ftsh,ftsh
giy-yig,giy
heg10,heg10
heg11,heg11
heg12,heg12
heg1,heg1
heg13,heg13
heg14,heg14
heg15,heg15
heg16,heg16
heg17,heg17
heg18,heg18
heg19,heg19
heg20,heg20
heg21,heg21
heg2,heg2
heg22,heg22
heg23,heg23
heg24,heg24
heg25,heg25
heg26,heg26
heg27,heg27
heg28,heg28
heg29,heg29
heg30,heg30
heg31,heg31
heg3,heg3
heg32,heg32
heg33,heg33
heg34,heg34
heg35,heg35
heg36,heg36
heg37,heg37
heg38,heg38
heg39,heg39
heg4,heg4
heg5,heg5
heg6,heg6
heg,heg
heg7,heg7
heg8,heg8
heg9,heg9
horf,horf
htp42,htp42
hyp10,hyp10
hyp11,hyp11
hyp12,hyp12
hyp13,hyp13
hyp14,hyp14
hyp1,hyp1
hyp15,hyp15
hyp16,hyp16
hyp17,hyp17
hyp18,hyp18
hyp19,hyp19
hyp20,hyp20
hyp21,hyp21
hyp22,hyp22
hyp2,hyp2
hyp23,hyp23
hyp24,hyp24
hyp25,hyp25
hyp26,hyp26
hyp27,hyp27
hyp28,hyp28
hyp29,hyp29
hyp30,hyp30
hyp31,hyp31
hyp32,hyp32
hyp33,hyp33
hyp3,hyp3
hyp34,hyp34
hyp35,hyp35
hyp36,hyp36
hyp37,hyp37
hyp38,hyp38
hyp39,hyp39
hyp40,hyp40
hyp41,hyp41
hyp4,hyp4
hyp43,hyp43
hyp44,hyp44
hyp45,hyp45
hyp46,hyp46
hyp47,hyp47
hyp48,hyp48
hyp49,hyp49
hyp50,hyp50
hyp51,hyp51
hyp52,hyp52
hyp5,hyp5
hyp53,hyp53
hyp54,hyp54
hyp55,hyp55
hyp56,hyp56
hyp57,hyp57
hyp58,hyp58
hyp59,hyp59
hyp6,hyp6
hyp7,hyp7
hyp8,hyp8
hyp9,hyp9
hypothetical_protein,hypothetical_protein
hypp1,hypp1
hypp2,hypp2
hypp3,hypp3
i-cg1i,i-cg1i
i-cg1ii,i-cg1ii
i-cg1iii,i-cg1iii
infa,infa
int,int
intronic_giy-yig,giy
intronic_laglidadg,intronic_laglidadg
io-cox1.1,cox1
io-cox1.2,cox1
io-cox1.3,cox1
iorf109,iorf109
iorf123,iorf123
iorf131,iorf131
iorf156,iorf156
iorf160,iorf160
iorf170,iorf170
iorf171,iorf171
iorf179,iorf179
iorf187,iorf187
iorf189,iorf189
iorf195,iorf195
iorf212,iorf212
iorf213,iorf213
iorf239,iorf239
iorf245,iorf245
iorf298,iorf298
iorf461,iorf461
ip10,ip10
ip1,ip1
ip11,ip11
ip12,ip12
ip13,ip13
ip14,ip14
ip15,ip15
ip16,ip16
ip17,ip17
ip18,ip18
ip2,ip2
ip3,ip3
ip4,ip4
ip5,ip5
ip6,ip6
ip7,ip7
ip8,ip8
ip9,ip9
ix2,ix2
ix3,ix3
ix4,ix4
ix5,ix5
lhba,lhba
ltra,ltra
mat,mat
mat-atp1i1050,mat-atp1i1050
mat-atp1i989,mat-atp1i989
mat-atp9i87,mat-atp9i87
mat-cobi824,mat-cobi824
mat-cox1i1149,mat-cox1i1149
mat-cox1i178,mat-cox1i178
mat-cox1i323,mat-cox1i323
mat-cox1i44,mat-cox1i44
mat-cox2i250,mat-cox2i250
mat-mpo1,mat-mpo1
mat-r-1,matr
matr,matr
mat-r,matr
mat-rrnsi1065,mat-rrnsi1065
morf,morf
msh1,msh1
mtt2,mttb
mttb-1,mttb
mttb,mttb
murf1,murf1
murf5,murf5
muts,msh1
na11,nad11
nad10,nad10
nad1_1,nad1
nad11,nad11
nad11-a,nad11
nad11a,nad11
nad11-b,nad11
nad11b,nad11
nad1_2,nad1
nad1,nad1
nad1_a,nad1
nad1_b,nad1
nad1-i1,nad1
nad2,nad2
nad2a,nad2
nad2b,nad2
nad2_copy,nad2
nad2-i1,nad2
nad3,nad3
nad3a,nad3
nad4,nad4
nad4a,nad4
nad4b,nad4
nad4-i1,nad4
nad4l_1,nad4l
nad4l-1,nad4l
nad4l_2,nad4l
nad4l-2,nad4l
nad4l,nad4l
nad5,nad5
nad5i1,nad5
nad5-i1,nad5
nad5-i2,nad5
nad5i2,nad5
nad_6,nad6
nad6_1,nad6
nad6_2,nad6
nad6-2,nad6
nad6,nad6
nad7,nad7
nad8,nad8
nad9-1,nad9
nad9_1,nad9
nad9_2,nad9
nad9,nad9
nad9-rps14,nad9
nadh11,nad11
nadh1,nad1
nadh2,nad2
nadh3,nad3
nadh4,nad4
nadh4l,nad4l
nadh5,nad5
nadh6,nad6
nadh7,nad7
nadh9,nad9
nat1,nat1
nat2,nat2
nd10,nad10
nd11,nad11
nd1,nad1
nd1-i2,nad1
nd2,nad2
nd3,nad3
nd4,nad4
nd4l,nad4l
nd5,nad5
nd5-i1,nad5
nd6,nad6
nd7,nad7
nd8,nad8
nd9,nad9
ndhe,nad5
ndhk,nad11
obi1cob,cytb
obi1nad5,nad5
oi10cox1,cox1
oi11cox1,cox1
oi1_1nad5,nad5
oi12cox1,cox1
oi1_2nad5,nad5
oi13cox1,cox1
oi1atp6,atp6
oi1cob,cytb
oi1cox1,cox1
oi1cox2,cox2
oi1cox3,cox3
oi1nad1,nad1
oi1nad2,nad2
oi1nad4,nad4
oi1nad4l,nad4l
oi1nad5,nad5
oi1nad6,nad6
oi1rnl,rnl
oi1rns,rns
oi1rrnl,rrnl
oi2apt6,atp6
oi2atp6,atp6
oi2cob,cytb
oi2cox1,cox1
oi2cox2,cox2
oi2cox3,cox3
oi2nad1,nad1
oi2nad2,nad2
oi2nad5,nad5
oi2rnl,rnl
oi3cob,cytb
oi3cox1,cox1
oi3cox2,cox2
oi3cox3,cox3
oi3nad1,nad1
oi3nad2,nad2
oi3nad5,nad5
oi3rnl,rnl
oi4cob,cytb
oi4cox1,cox1
oi4cox2,cox2
oi4cox3,cox3
oi4nad5,nad5
oi4rnl,oi4rnl
oi5cob,cytb
oi5cox1,cox1
oi5cox2,cox2
oi5nad5,nad5
oi6cob,cytb
oi6cox1,cox1
oi6cox2,cox2
oi6nad5,nad5
oi7cob,cytb
oi7cox1,cox1
oi7nad5,nad5
oi8cob,cytb
oi8cox1,cox1
oi9cox1,cox1
oirnl,rnl
oirns,rns
oli1,oli1
omp05,omp05
omp21,omp21
omp26,omp26
omp36,omp36
orf001,orf1
orf002,orf2
orf003,orf3
orf004,orf4
orf005,orf5
orf006,orf6
orf008,orf8
orf009,orf9
orf010,orf10
orf_01,orf1
orf011,orf11
orf012,orf122
orf_02,orf2
orf_03,orf3
orf_04,orf4
orf,orf
orf100_1,orf100
orf100_2,orf100
orf100_3,orf100
orf100,orf100
orf100-a1,orf100
orf100a,orf100
orf100-a2,orf100
orf100b,orf100
orf100c,orf100
orf100d,orf100
orf100e,orf100
orf100f,orf100
orf100g,orf100
orf101_1,orf101
orf_101,orf101
orf101_2,orf101
orf101,orf101
orf101_3,orf101
orf101_4,orf101
orf1014,orf1014
orf101_5,orf101
orf101a,orf101
orf101-a,orf101
orf101-b,orf101
orf101b,orf101
orf101-c,orf101
orf101c,orf101
orf101d,orf101
orf101e,orf101
orf101f,orf101
orf102,orf102
orf102-a,orf102
orf102a,orf102
orf102-b,orf102
orf102b,orf102
orf102c,orf102
orf102d,orf102d
orf102e,orf102
orf102f,orf102
orf102g,orf102
orf102h,orf102
orf102i,orf102
orf102j,orf102
orf102k,orf102
orf103_1,orf103
orf103,orf103
orf103_2,orf103
orf1033,orf1033
orf103a-1,orf103
orf103a-2,orf103
orf103a,orf103
orf103b,orf103
orf103c,orf103
orf103d,orf103
orf103e,orf103
orf103f,orf103
orf_104,orf104
orf104_1,orf104
orf104_2,orf104
orf104,orf104
orf104_3,orf104
orf104_4,orf104
orf104_5,orf104
orf104_6,orf104
orf104_7,orf104
orf104-a,orf104
orf104a,orf104
orf104-b,orf104
orf104b,orf104
orf104c,orf104
orf104d,orf104
orf10,orf10
orf105,orf105
orf1053,orf1053
orf105-a,orf1053
orf105a,orf1053
orf105-b,orf1053
orf105b,orf1053
orf105-c,orf1053
orf105c,orf1053
orf105-d,orf1053
orf105d,orf1053
orf105-e,orf1053
orf105-f,orf1053
orf105-g,orf1053
orf105-h,orf1053
orf1060,orf1060
orf106_1,orf106
orf106,orf106
orf106_2,orf106
orf106_3,orf106
orf1064,orf1064
orf1065,orf1065
orf106-a1,orf106
orf106a,orf106
orf106-a2,orf106
orf106-b,orf106
orf106b,orf106
orf106-c,orf106
orf106c,orf106
orf106d,orf106
orf107_1,orf107
orf107_2,orf107
orf107,orf107
orf107_3,orf107
orf107_4,orf107
orf1077,orf107
orf107-a,orf107
orf107a,orf107
orf107-b,orf107
orf107b,orf107
orf107-c,orf107
orf107c,orf107
orf107-d,orf107
orf107d,orf107
orf108_1,orf108
orf108_2,orf108
orf108,orf108
orf108_3,orf108
orf108_4,orf108
orf108_5,orf108
orf108a,orf108
orf108b,orf108
orf108c,orf108
orf108d,orf108
orf108e,orf108
orf108f,orf108
orf109_1,orf109
orf109_2,orf109
orf109,orf109
orf109_3,orf109
orf109_4,orf109
orf109_5,orf109
orf109_6,orf109
orf109_7,orf109
orf1097,orf1097
orf109-a,orf109
orf109a,orf109
orf109b,orf109
orf109-b-ct,orf109
orf109c,orf109
orf109d,orf109
orf-1,orf1
orf110,orf110
orf1103,orf1103
orf1109,orf1109
orf110-a,orf110
orf110a,orf110
orf110-b,orf110
orf110b,orf110
orf110-c,orf110
orf110c,orf110
orf110d,orf110
orf110e,orf110
orf111_1,orf111
orf111,orf111
orf111_2,orf111
orf111-a,orf111
orf111a,orf111
orf111-b,orf111
orf111b,orf111
orf111c,orf111
orf111e,orf111
orf112_1,orf112
orf112,orf112
orf112_2,orf112
orf112_3,orf112
orf112_4,orf112
orf112_5,orf112
orf112-a1,orf112
orf112-a2,orf112
orf112a,orf112
orf112b,orf112
orf112c,orf112
orf113_1,orf113
orf113,orf113
orf113_2,orf113
orf113-a,orf113
orf113a,orf113
orf113-b,orf113
orf113b,orf113
orf113c,orf113
orf113d,orf113
orf113e,orf113
orf11,orf11
orf114_1,orf114
orf114,orf114
orf114_2,orf114
orf_1146,orf1146
orf114-a,orf114
orf114a,orf114
orf114-b,orf114
orf114b,orf114
orf114c,orf114
orf114d,orf114
orf115,orf115
orf115_1,orf115
orf115_2,orf115
orf1159,orf1159
orf115-a1,orf115
orf115a,orf115
orf115-a2,orf115
orf115-b,orf115
orf115b,orf115
orf115-c1,orf115
orf115c,orf115
orf115-c2,orf115
orf115-d,orf115
orf115d,orf115
orf115-e,orf115
orf116_1,orf116
orf116_2,orf116
orf116,orf116
orf1168,orf1168
orf116-a,orf116
orf116a,orf116
orf116-b,orf116
orf116b,orf116
orf116c,orf116
orf116d,orf116
orf117_1,orf117
orf117,orf117
orf117_2,orf117
orf117_3,orf117
orf117_4,orf117
orf117_5,orf117
orf117_6,orf117
orf117-a,orf117
orf117a,orf117
orf117-b,orf117
orf117b,orf117
orf117-c,orf117
orf117c,orf117
orf117-d,orf117
orf118_1,orf118
orf118_2,orf118
orf118,orf118
orf118_3,orf118
orf119,orf119
orf119-a,orf119
orf119a,orf119
orf119-b,orf119
orf119b,orf119
orf119-c,orf119
orf119c,orf119
orf120,orf120
orf120a,orf120
orf120b,orf120
orf121_1,orf121
orf121_2,orf121
orf121,orf121
orf121a,orf121
orf121-a-ct,orf121
orf121-b,orf121
orf121b,orf121
orf121-c,orf121
orf121c,orf121
orf1220,orf1220
orf122_1,orf122
orf122_2,orf122
orf122,orf122
orf122a,orf122
orf122b,orf122
orf122c,orf122
orf123_1,orf123
orf123_2,orf123
orf123,orf123
orf123_3,orf123
orf123_4,orf123
orf123a,orf123
orf123b,orf123
orf12,orf12
orf124_1,orf124
orf124,orf124
orf124_2,orf124
orf124-a-1,orf124
orf124a,orf124
orf124b,orf124
orf125_1,orf125
orf125_2,orf125
orf125,orf125
orf125_3,orf125
orf125_4,orf125
orf125_5,orf125
orf125a,orf125
orf125b,orf125
orf125c,orf125
orf125d,orf125
orf125e,orf125
orf125f,orf125
orf125g,orf125
orf125h,orf125
orf126,orf126
orf126_2,orf126
orf126-a,orf126
orf126-b1,orf126
orf126-b2,orf126
orf126-c,orf126
orf126-d,orf126
orf127_1,orf127
orf127,orf127
orf127_2,orf127
orf127a,orf127
orf127b,orf127
orf127c,orf127
orf127d,orf127
orf1,orf1
orf128_1,orf128
orf128,orf128
orf128_2,orf128
orf128_3,orf128
orf128_4,orf128
orf128_5,orf128
orf128a,orf128
orf128b,orf128
orf128c,orf128
orf129_1,orf129
orf129_2,orf129
orf129,orf129
orf129-a,orf129
orf129a,orf129
orf129-b,orf129
orf129b,orf129
orf129c,orf129
orf129d,orf129
orf130,orf130
orf130a,orf130
orf130b,orf130
orf131_1,orf131
orf131_2,orf131
orf131,orf131
orf131_3,orf131
orf131-a,orf131
orf131b,orf131
orf131-b-ct,orf131
orf131-c,orf131
orf131c,orf131
orf132,orf132
orf132a,orf132
orf132b,orf132
orf13,orf13
orf133,orf133
orf133-a,orf133
orf133a,orf133
orf133-b,orf133
orf133b,orf133
orf133c,orf133
orf134,orf134
orf1349,orf1349
orf134a,orf134
orf134-a-ct,orf134
orf134-b,orf134
orf134b,orf134
orf134c,orf134
orf135_1,orf135
orf135_2,orf135
orf135,orf135
orf135_3,orf135
orf135a,orf135
orf135b,orf135
orf135c,orf135
orf135d,orf135
orf135e,orf135
orf136_1,orf136
orf136,orf136
orf136_2,orf136
orf136a,orf136
orf136b,orf136
orf137,orf137
orf137a,orf137
orf137-a-ct,orf137
orf137b,orf137
orf137c,orf137
orf138_1,orf138
orf138_2,orf138
orf138,orf138
orf138_3,orf138
orf1386,orf1386
orf138-a,orf138
orf138a,orf138
orf138-b,orf138
orf138b,orf138
orf138c,orf138
orf139-1,orf139
orf139,orf139
orf139-2,orf139
orf140,orf140
orf140_1,orf140
orf140_2,orf140
orf1407,orf1407
orf140-a,orf140
orf140-b,orf140
orf140-c,orf140
orf141,orf141
orf142,orf142
orf14,orf14
orf143,orf143
orf143a,orf143
orf143b,orf143
orf144,orf144
orf144a,orf144
orf144b,orf144
orf145,orf145
orf145d,orf145
orf146_1,orf146
orf146_2,orf146
orf146,orf146
orf146-a,orf146
orf147,orf147
orf147-a,orf147
orf147-b,orf147
orf147b,orf147
orf148,orf148
orf148b,orf148
orf149,orf149
orf149-a,orf149
orf149-b,orf149
orf149b,orf149
orf150,orf150
orf151,orf151
orf152,orf152
orf1525,orf1525
orf152a,orf152
orf152b,orf152
orf152c,orf152
orf15,orf15
orf153,orf153
orf154_1,orf154
orf154,orf154
orf154_2,orf154
orf154a,orf154
orf154b,orf154
orf155,orf155
orf155a,orf155
orf155b,orf155
orf156,orf156
orf157,orf157
orf158_1,orf158
orf158_2,orf158
orf158,orf158
orf158-a1,orf158
orf158-a2,orf158
orf159,orf159
orf1592,orf1592
orf1594,orf1594
orf159a,orf159
orf159b,orf159
orf160,orf160
orf160-a,orf160
orf160a,orf160
orf160b,orf160
orf16,orf16
orf161_1,orf161
orf161,orf161
orf161_2,orf161
orf162,orf162
orf1623,orf1623
orf163_1,orf163
orf163,orf163
orf163_2,orf163
orf1636,orf1636
orf164,orf164
orf165,orf165
orf166,orf166
orf166a,orf166
orf166b,orf166
orf167,orf167
orf168,orf168
orf168a,orf168
orf168b,orf168
orf169,orf169
orf169a,orf169
orf169b,orf169
orf169c,orf169
orf170,orf170
orf17,orf17
orf171,orf171
orf171a,orf171
orf172-1,orf172
orf172,orf172
orf172-2,orf172
orf172-3,orf172
orf173,orf173
orf174,orf174
orf174b,orf174
orf174_=_ymf45,orf174
orf175,orf175
orf176,orf176
orf176a,orf176
orf177,orf177
orf178,orf178
orf178a,orf178
orf178b,orf178
orf179,orf179
orf179-b,orf179
orf180,orf180
orf18,orf18
orf181,orf181
orf182,orf182
orf182a,orf182
orf182b,orf182
orf183,orf183
orf183_=_ymf39;pwi_=_ymf39mpo_=_orf183;mpo,orf183
orf184,orf184
orf185,orf185
orf186,orf186
orf187,orf187
orf187a,orf187
orf188,orf188
orf189,orf189
orf190,orf190
orf191,orf191
orf19,orf19
orf192,orf192
orf1930,orf1930
orf1931,orf1931
orf193,orf193
orf193-a1,orf193
orf193-a2,orf193
orf194,orf194
orf195,orf195
orf_195,orf195
orf196,orf196
orf197,orf197
orf197b,orf197
orf198,orf198
orf198a,orf198
orf199,orf199
orf200,orf200
orf20,orf20
orf2013,orf2013
orf201,orf201
orf202,orf202
orf202a,orf202
orf202b,orf202
orf203,orf203
orf2038,orf2038
orf204,orf204
orf204a,orf204
orf204b,orf204
orf205,orf205
orf206,orf206
orf207,orf207
orf208,orf208
orf209,orf209
orf-2,orf2
orf210,orf210
orf211,orf211
orf21,orf21
orf212,orf212
orf213,orf213
orf214,orf214
orf2143,orf2143
orf215,orf215
orf216,orf216
orf217,orf217
orf217a,orf217
orf217c,orf217
orf218,orf218
orf219,orf219
orf220,orf220
orf221,orf221
orf222,orf222
orf2,orf2
orf22,orf22
orf223,orf223
orf224,orf224
orf224a,orf224
orf2250,orf2250
orf225,orf225
orf226,orf226
orf227,orf227
orf227-ct,orf227
orf228,orf228
orf229,orf229
orf229a,orf229
orf229b,orf229
orf230,orf230
orf23,orf23
orf231,orf231
orf232,orf232
orf233,orf233
orf234.1_=_ymf16;pwi_=_ymf16;mpo_=_orf244;mpo,orf234
orf234.2,orf234
orf234.2_=_ymf19;pwi_=_ymf19;mpo_=_orf172;mpo,orf234
orf234,orf234
orf235,orf235
orf236,orf236
orf237,orf237
orf238,orf238
orf239,orf239
orf240,orf240
orf24,orf24
orf241,orf241
orf242,orf242
orf243,orf243
orf244,orf244
orf245,orf245
orf246,orf246
orf247,orf247
orf247-ct,orf247
orf248,orf248
orf248-1,orf248
orf249,orf249
orf250,orf250
orf251,orf251
orf25,orf25
orf252,orf252
orf252a,orf252a
orf252b,orf252b
orf253,orf253
orf254,orf254
orf255,orf255
orf256,orf256
orf257,orf257
orf2572,orf2572
orf258,orf258
orf259,orf259
orf260,orf260
orf261,orf261
orf26,orf26
orf262,orf262
orf263,orf263
orf264,orf264
orf265,orf265
orf265a,orf265
orf265b,orf265
orf266,orf266
orf267,orf267
orf268,orf268
orf269,orf269
orf270,orf270
orf271,orf271
orf272,orf272
orf273,orf273
orf27,orf27
orf274,orf274
orf275,orf275
orf276,orf276
orf277,orf277
orf278,orf278
orf279,orf279
orf280,orf280
orf281,orf281
orf28,orf28
orf282,orf282
orf283,orf283
orf284,orf284
orf285,orf285
orf286,orf286
orf287,orf287
orf288,orf288
orf289,orf289
orf290,orf290
orf291,orf291
orf29,orf29
orf292,orf292
orf293,orf293
orf294,orf294
orf295,orf295
orf296,orf296
orf297,orf297
orf297a,orf297
orf298,orf298
orf299,orf299
orf300,orf300
orf301,orf301
orf302,orf302
orf30,orf30
orf303,orf303
orf304,orf304
orf304_=_ymf42,orf304
orf305,orf305
orf306,orf306
orf307,orf307
orf308,orf308
orf309,orf309
orf310,orf310
orf310a,orf310
orf311,orf311
orf312,orf312
orf313,orf313
orf31,orf31
orf314,orf314
orf315,orf315
orf316,orf316
orf317,orf317
orf318,orf318
orf319,orf319
orf3,orf3
orf320,orf320
orf32,orf32
orf321,orf321
orf322,orf322
orf323,orf323
orf324,orf324
orf325,orf325
orf326,orf326
orf327,orf327
orf328,orf328
orf329,orf329
orf329a,orf329
orf330,orf330
orf331,orf331
orf33,orf33
orf332,orf332
orf333,orf333
orf334,orf334
orf335,orf335
orf336,orf336
orf337,orf337
orf338,orf338
orf339,orf339
orf340,orf340
orf341,orf341
orf342,orf342
orf34,orf34
orf343,orf343
orf344,orf344
orf345,orf345
orf345a,orf345a
orf345b,orf345b
orf346,orf346
orf347,orf347
orf348,orf348
orf3486,orf3486
orf349,orf349
orf350,orf350
orf351,orf351
orf352,orf352
orf353,orf353
orf354,orf354
orf355,orf355
orf35,orf35
orf356,orf356
orf357,orf357
orf358,orf358
orf359,orf359
orf360,orf360
orf361,orf361
orf362,orf362
orf36,orf36
orf3630,orf3630
orf363,orf363
orf364,orf364
orf365,orf365
orf366,orf366
orf367,orf367
orf368,orf368
orf369,orf369
orf370,orf370
orf371,orf371
orf372,orf372
orf37,orf37
orf373,orf373
orf374,orf374
orf375,orf375
orf376,orf376
orf377,orf377
orf378,orf378
orf379,orf379
orf380,orf380
orf381,orf381
orf382,orf382
orf383,orf383
orf384,orf384
orf385,orf385
orf38,orf38
orf386,orf386
orf387,orf387
orf388,orf388
orf389,orf389
orf390,orf390
orf391,orf391
orf392,orf392
orf393,orf393
orf394,orf394
orf395,orf395
orf396,orf396
orf397,orf397
orf39,orf39
orf398,orf398
orf399,orf399
orf39a,orf39
orf39b,orf39
orf39c,orf39
orf400,orf400
orf401,orf401
orf402,orf402
orf403,orf403
orf404,orf404
orf405,orf405
orf406,orf406
orf407,orf407
orf40,orf40
orf408,orf408
orf409,orf409
orf40a,orf40
orf40b,orf40
orf40c,orf40
orf410,orf410
orf411,orf411
orf4,orf4
orf412,orf412
orf41,orf41
orf413,orf413
orf414,orf414
orf415,orf415
orf416,orf416
orf417,orf417
orf418,orf418
orf419,orf419
orf420,orf420
orf421,orf421
orf42,orf42
orf422,orf422
orf423,orf423
orf424,orf424
orf425,orf425
orf426,orf426
orf427,orf427
orf428,orf428
orf429,orf429
orf430,orf430
orf431,orf431
orf432,orf432
orf433,orf433
orf434,orf434
orf435,orf435
orf43,orf43
orf436,orf436
orf437,orf437
orf438,orf438
orf439,orf439
orf440,orf440
orf441,orf441
orf442,orf442
orf443,orf443
orf44,orf44
orf444,orf444
orf447,orf447
orf448,orf448
orf449,orf449
orf450,orf450
orf451,orf451
orf452,orf452
orf45,orf45
orf453,orf453
orf454,orf454
orf455,orf455
orf456,orf456
orf458,orf458
orf459,orf459
orf460,orf460
orf46,orf46
orf462,orf462
orf463,orf463
orf464,orf464
orf465,orf465
orf467,orf467
orf468,orf468
orf469,orf469
orf470,orf470
orf471,orf471
orf47,orf47
orf472,orf472
orf473,orf473
orf474,orf474
orf475,orf475
orf476,orf476
orf478,orf478
orf479,orf479
orf480,orf480
orf481,orf481
orf48,orf48
orf482,orf482
orf484,orf484
orf485,orf485
orf486,orf486
orf487,orf487
orf488,orf488
orf490,orf490
orf492,orf492
orf49,orf49
orf493,orf493
orf494,orf494
orf496,orf496
orf496b,orf496
orf498,orf498
orf502,orf502
orf50,orf50
orf503,orf503
orf504,orf504
orf505,orf505
orf507,orf507
orf508,orf508
orf510,orf510
orf511,orf511
orf512,orf512
orf5,orf5
orf513,orf513
orf51,orf51
orf515,orf515
orf516,orf516
orf518,orf518
orf519,orf519
orf51a,orf51
orf51b,orf51
orf524,orf524
orf526,orf526
orf528,orf528
orf529,orf529
orf52a,orf52
orf52b,orf52
orf533,orf533
orf53,orf53
orf535,orf535
orf536,orf536
orf537,orf537
orf539,orf539
orf540,orf540
orf54,orf54
orf543,orf543
orf543a,orf543
orf544,orf544
orf546,orf546
orf547,orf547
orf550,orf550
orf551,orf551
orf552,orf552
orf55,orf55
orf556_1,orf556
orf556_2,orf556
orf557,orf557
orf558,orf558
orf560,orf560
orf561,orf561
orf56,orf56
orf563,orf563
orf565,orf565
orf567,orf567
orf568,orf568
orf56a,orf56
orf56b,orf56
orf57,orf57
orf575,orf575
orf576,orf576
orf577,orf577
orf58,orf58
orf581,orf581
orf582,orf582
orf583,orf583
orf584,orf584
orf585,orf585
orf590,orf590
orf591,orf591
orf59,orf59
orf593,orf593
orf594,orf594
orf597,orf597
orf598,orf598
orf60,orf60
orf603,orf603
orf606,orf606
orf612,orf612
orf613,orf613
orf61,orf61
orf616,orf616
orf617,orf617
orf618,orf618
orf620,orf620
orf621,orf621
orf62,orf62
orf622,orf622
orf624,orf624
orf626,orf626
orf628,orf628
orf629,orf629
orf631,orf631
orf63,orf63
orf632,orf632
orf635,orf635
orf640,orf640
orf641,orf641
orf64,orf64
orf644,orf644
orf64a,orf64
orf64b,orf64
orf652,orf652
orf656,orf656
orf662,orf662
orf66,orf66
orf669,orf669
orf66a,orf66
orf66b,orf66
orf6,orf6
orf670,orf670
orf67,orf67
orf673,orf673
orf675,orf675
orf676,orf676
orf677,orf677
orf681,orf681
orf68,orf68
orf686,orf686
orf687,orf687
orf688,orf688
orf692,orf692
orf693,orf693
orf69,orf69
orf695,orf695
orf697,orf697
orf698,orf698
orf699,orf699
orf69a,orf69
orf69b,orf69
orf701,orf701
orf70,orf70
orf703,orf703
orf705,orf705
orf71,orf71
orf714,orf714
orf716,orf716
orf717,orf717
orf718,orf718
orf72,orf72
orf725,orf725
orf729,orf729
orf730,orf730
orf732,orf732
orf73,orf73
orf734,orf734
orf735,orf735
orf736,orf736
orf740,orf740
orf742,orf742
orf743,orf743
orf74,orf74
orf745,orf745
orf747,orf747
orf748,orf748
orf750,orf750
orf75,orf75
orf751,orf751
orf752,orf752
orf753,orf753
orf754,orf754
orf755,orf755
orf756,orf756
orf757,orf757
orf759,orf759
orf75a,orf75
orf75b,orf75
orf7,orf7
orf760,orf760
orf762,orf762
orf76,orf76
orf764,orf764
orf768,orf768
orf769,orf769
orf771,orf771
orf773,orf773
orf77,orf77
orf774,orf774
orf777,orf777
orf779,orf779
orf780,orf780
orf782,orf782
orf783,orf783
orf784,orf784
orf785,orf785
orf786,orf786
orf787,orf787
orf790,orf790
orf791,orf791
orf792,orf792
orf793,orf793
orf795,orf795
orf797,orf797
orf798,orf798
orf79,orf79
orf801,orf801
orf802,orf802
orf806,orf806
orf807,orf807
orf808,orf808
orf81,orf81
orf812,orf812
orf813,orf813
orf816,orf816
orf819,orf819
orf826,orf826
orf827,orf827
orf828,orf828
orf830,orf830
orf831,orf831
orf83,orf83
orf832,orf832
orf836,orf836
orf837a,orf837
orf837b,orf837
orf84,orf84
orf844,orf844
orf845,orf845
orf847,orf847
orf8,orf8
orf850,orf850
orf851,orf851
orf85,orf85
orf861,orf861
orf86,orf86
orf868,orf868
orf873,orf873
orf875,orf875
orf877,orf877
orf879,orf879
orf881,orf881
orf88,orf88
orf882,orf882
orf883,orf883
orf884,orf884
orf887,orf887
orf891,orf891
orf89,orf89
orf892,orf892
orf901,orf901
orf90,orf90
orf905,orf905
orf908,orf908
orf909,orf909
orf91,orf91
orf911,orf911
orf915,orf915
orf919,orf919
orf92,orf92
orf925,orf925
orf929,orf929
orf93,orf93
orf932,orf932
orf9,orf9
orf94,orf94
orf949,orf949
orf95,orf95
orf953,orf953
orf955,orf955
orf957,orf957
orf960,orf960
orf96,orf96
orf963,orf963
orf973,orf973
orf97,orf97
orf97a,orf97
orf97b,orf97
orf98,orf98
orf98a,orf98
orf98b,orf98
orf99_1,orf99
orf99_2,orf99
orf99,orf99
orf99_3,orf99
orf99-a1,orf99
orf99-a2,orf99
orf99a,orf99a
orf99-b1,orf99
orf99-b2,orf99
orf99b,orf99
orf99-c,orf99
orf99c,orf99
orf99-d,orf99
orf99-e,orf99
orf99-f,orf99
orf99-g,orf99
orf99g,orf99
orfa,orfa
orfb,orfb
orf-bryo1,orf-bryo1
orfc,orfc
orfd,orfd
orfe,orfe
orff,orff
orfg,orfg
orfh,orfh
orfi,orfi
orfj,orfj
orfk,orfk
orfl,orfl
orfm,orfm
orfn,orfn
orfo,orfo
orfx,orfx
orfy,orfy
orfz,orfz
peta,peta
petb,petb
petg,petg
petl,petl
petn(cp),petn
polb,polb
psaa,psaa
psab,psab
psac,psac
psaj,psaj
psba,psba
psbj,psbj
psbm,psbm
psbn,psbn
psbt,psbt
rbcl,rbcl
rdp,rdp
rms5,rms5
rnap,rpo
rna_pol,rpo
rnapol,rpo
rnaseh,rnaseh
rnl,rnl
rnl-i1,rnl
rnl-i2,rnl
rnl-i3,rnl
rnl-i4,rnl
rnl-i5,rnl
rp120,rpl20
rp13,rps13
rp15,rps15
rp16,rps16
rp3,rps3
rpl10,rpl10
rpl11,rpl11
rpl12,rpl12
rpl14,rpl14
rpl1,rpl1
rpl15,rpl15
rpl16-1,rpl16
rpl16-2,rpl16
rpl16,rpl16
rpl18,rpl18
rpl19,rpl19
rpl20,rpl20
rpl2,rpl2
rpl23,rpl23
rpl27,rpl27
rpl31,rpl31
rpl32,rpl32
rpl33,rpl33
rpl34,rpl34
rpl35,rpl35
rpl36,rpl36
rpl5,rpl5
rpl6,rpl6
rpl7,rpl7
rpo,rpo
rpoa,rpoa
rpob,rpob
rpoc,rpoc
rpod,rpod
rpol,rpo
rps,rps15
rps10,rps10
rps1-1,rps1
rps11,rps11
rps1,rps1
rps12-17,rps12
rps12,rps12
rps13,rps13
rps14,rps14
rps14a,rps14
rps14b,rps14
rps15,rps15
rps16,rps16
rps18,rps18
rps19-1,rps19
rps19-2,rps19
rps19,rps19
rps19a,rps19
rps19b,rps19
rps19c,rps19
rps19d,rps19
rps19e,rps19
rps19-p,rps19
rps2-1,rps2
rps2,rps2
rps2a,rps2
rps2b,rps2
rps3-1,rps2
rps3-2,rps2
rps3,rps3
rps3_a,rps3
rps3_b,rps3
rps4-1,rps4
rps4,rps4
rps5,rps5
rps7-1,rps7
rps7,rps7
rps7-ct,rps7
rps8,rps8
rrl,rrl
rrnl4,rrnl4
rrs,rrs
rtl,rtl
s3,s3
scei,scei
sdh2,sdh2
sdh3-1,sdh3
sdh3-2,sdh3
sdh3,sdh3
sdh3a,sdh3
sdh3b,sdh3
sdh4,sdh4
sdhb,sdh2
sdhc,sdh3
sdhd,sdh4
secy,secy
sh2,sh2
tata,tata
tatae,tata
tatc,tatc
tp,tp
trnf-gaa,Trnf-gaa
tufa,tufa
urf,urf
var1,var1
x1,x1
x2,x2
x3,x3
x4,x4
x5,x5
ycf1,ycf1
ycf2,ycf2
ycf4,ycf4
ycf68,ycf68
yejr,yejr
yejra,yejra
yejrb,yejrb
yeju,yeju
yejv,yejv
yejw,yejw
ymf100,ymf100
ymf101,ymf101
ymf16,ymf16
ymf39_1,ymf39
ymf39_2,ymf39
ymf39,ymf39
ymf56,ymf56
ymf57,ymf57
ymf58,ymf58
ymf59,ymf59
ymf60,ymf60
ymf61,ymf61
ymf62,ymf62
ymf63,ymf63
ymf64,ymf64
ymf65,ymf65
ymf66,ymf66
ymf67,ymf67
ymf68,ymf68
ymf69,ymf69
ymf70,ymf70
ymf71,ymf71
ymf72,ymf72
ymf73,ymf73
ymf74,ymf74
ymf75,ymf75
ymf76,ymf76
ymf77,ymf77
ymf78,ymf78
ymf79,ymf79
ymf80,ymf80
ymf83,ymf83
ymf84,ymf84
ymf87,ymf87
ymf96,ymf96
ymf98,ymf98
ymf99,ymf99
